strike,market_price,fem_price,abs_error,sq_error,moneyness,set,date,maturity,expiry,tau,S0,S_max,sigma_calibrated,r,options_csv
41.0,1.16,1.0351474596511228,0.12485254034887716,0.015588156831567999,0.9951456310679611,train,2026-04-01,MAY 2026,2026-05-15,0.12054794520547946,41.2,138.0,0.16128140406890962,0.02,../data/daily_clean/2026-04-01_options.csv
36.0,4.87,5.222799005959368,0.3527990059593682,0.12446713860591832,0.8737864077669902,train,2026-04-01,MAY 2026,2026-05-15,0.12054794520547946,41.2,138.0,0.16128140406890962,0.02,../data/daily_clean/2026-04-01_options.csv
45.0,0.18,0.06113913727582128,0.11886086272417871,0.014127904687536058,1.0922330097087378,train,2026-04-01,MAY 2026,2026-05-15,0.12054794520547946,41.2,138.0,0.16128140406890962,0.02,../data/daily_clean/2026-04-01_options.csv
46.0,0.11,0.023375987275290833,0.08662401272470917,0.007503719580530576,1.116504854368932,train,2026-04-01,MAY 2026,2026-05-15,0.12054794520547946,41.2,138.0,0.16128140406890962,0.02,../data/daily_clean/2026-04-01_options.csv
38.0,3.12,3.293604080525084,0.17360408052508403,0.030138376774959858,0.9223300970873786,train,2026-04-01,MAY 2026,2026-05-15,0.12054794520547946,41.2,138.0,0.16128140406890962,0.02,../data/daily_clean/2026-04-01_options.csv
37.0,3.97,4.241888380710775,0.27188838071077503,0.07392329156552735,0.8980582524271844,train,2026-04-01,MAY 2026,2026-05-15,0.12054794520547946,41.2,138.0,0.16128140406890962,0.02,../data/daily_clean/2026-04-01_options.csv
44.0,0.29,0.1444554831832927,0.14554451681670727,0.021183206375408787,1.0679611650485437,train,2026-04-01,MAY 2026,2026-05-15,0.12054794520547946,41.2,138.0,0.16128140406890962,0.02,../data/daily_clean/2026-04-01_options.csv
40.0,1.7,1.6474899459502352,0.05251005404976472,0.0027573057763092125,0.9708737864077669,train,2026-04-01,MAY 2026,2026-05-15,0.12054794520547946,41.2,138.0,0.16128140406890962,0.02,../data/daily_clean/2026-04-01_options.csv
39.0,2.36,2.4135959528486413,0.05359595284864138,0.0028725261617537903,0.9466019417475727,test,2026-04-01,MAY 2026,2026-05-15,0.12054794520547946,41.2,138.0,0.16128140406890962,0.02,../data/daily_clean/2026-04-01_options.csv
42.0,0.75,0.5931385770554468,0.15686142294455319,0.024605506008189997,1.0194174757281553,test,2026-04-01,MAY 2026,2026-05-15,0.12054794520547946,41.2,138.0,0.16128140406890962,0.02,../data/daily_clean/2026-04-01_options.csv
43.0,0.47,0.30800178684783286,0.16199821315216711,0.02624342106449497,1.0436893203883495,test,2026-04-01,MAY 2026,2026-05-15,0.12054794520547946,41.2,138.0,0.16128140406890962,0.02,../data/daily_clean/2026-04-01_options.csv
41.0,1.49,1.4210266603937172,0.06897333960628282,0.004757321576443623,0.9951456310679611,train,2026-04-01,JUN 2026,2026-06-19,0.21643835616438356,41.2,138.0,0.16841478943875146,0.02,../data/daily_clean/2026-04-01_options.csv
36.0,5.08,5.301190886810458,0.22119088681045795,0.04892540840799682,0.8737864077669902,train,2026-04-01,JUN 2026,2026-06-19,0.21643835616438356,41.2,138.0,0.16841478943875146,0.02,../data/daily_clean/2026-04-01_options.csv
45.0,0.32,0.22932781647985997,0.09067218352014003,0.008221444864309953,1.0922330097087378,train,2026-04-01,JUN 2026,2026-06-19,0.21643835616438356,41.2,138.0,0.16841478943875146,0.02,../data/daily_clean/2026-04-01_options.csv
46.0,0.22,0.1293316706626312,0.09066832933736879,0.00822074594482957,1.116504854368932,train,2026-04-01,JUN 2026,2026-06-19,0.21643835616438356,41.2,138.0,0.16841478943875146,0.02,../data/daily_clean/2026-04-01_options.csv
38.0,3.41,3.4919407313261184,0.08194073132611823,0.006714283450259094,0.9223300970873786,train,2026-04-01,JUN 2026,2026-06-19,0.21643835616438356,41.2,138.0,0.16841478943875146,0.02,../data/daily_clean/2026-04-01_options.csv
37.0,4.23,4.369144143396932,0.1391441433969316,0.019361092641665863,0.8980582524271844,train,2026-04-01,JUN 2026,2026-06-19,0.21643835616438356,41.2,138.0,0.16841478943875146,0.02,../data/daily_clean/2026-04-01_options.csv
44.0,0.49,0.38819346770056057,0.10180653229943942,0.010364570018836802,1.0679611650485437,train,2026-04-01,JUN 2026,2026-06-19,0.21643835616438356,41.2,138.0,0.16841478943875146,0.02,../data/daily_clean/2026-04-01_options.csv
40.0,2.03,1.998674904134117,0.031325095865882835,0.0009812616310067499,0.9708737864077669,train,2026-04-01,JUN 2026,2026-06-19,0.21643835616438356,41.2,138.0,0.16841478943875146,0.02,../data/daily_clean/2026-04-01_options.csv
39.0,2.68,2.694185268416489,0.014185268416488928,0.00020122184004783827,0.9466019417475727,test,2026-04-01,JUN 2026,2026-06-19,0.21643835616438356,41.2,138.0,0.16841478943875146,0.02,../data/daily_clean/2026-04-01_options.csv
42.0,1.06,0.9660030296732437,0.09399697032675636,0.008835430430609114,1.0194174757281553,test,2026-04-01,JUN 2026,2026-06-19,0.21643835616438356,41.2,138.0,0.16841478943875146,0.02,../data/daily_clean/2026-04-01_options.csv
43.0,0.73,0.6269386237300495,0.10306137626995049,0.010621647278656313,1.0436893203883495,test,2026-04-01,JUN 2026,2026-06-19,0.21643835616438356,41.2,138.0,0.16841478943875146,0.02,../data/daily_clean/2026-04-01_options.csv
42.0,1.71,1.5270861460823957,0.18291385391760429,0.03345747795499068,1.0194174757281553,train,2026-04-01,SEP 2026,2026-09-18,0.4657534246575342,41.2,150.0,0.16379479629687005,0.02,../data/daily_clean/2026-04-01_options.csv
32.0,8.8,9.260047887934634,0.4600478879346337,0.21164405919311727,0.7766990291262136,train,2026-04-01,SEP 2026,2026-09-18,0.4657534246575342,41.2,150.0,0.16379479629687005,0.02,../data/daily_clean/2026-04-01_options.csv
48.0,0.36,0.2069296569647058,0.15307034303529418,0.023430529916942635,1.1650485436893203,train,2026-04-01,SEP 2026,2026-09-18,0.4657534246575342,41.2,150.0,0.16379479629687005,0.02,../data/daily_clean/2026-04-01_options.csv
50.0,0.21,0.0914608516986857,0.11853914830131429,0.014051529680000983,1.2135922330097086,train,2026-04-01,SEP 2026,2026-09-18,0.4657534246575342,41.2,150.0,0.16379479629687005,0.02,../data/daily_clean/2026-04-01_options.csv
36.0,5.38,5.504414128808998,0.12441412880899794,0.015478875447301931,0.8737864077669902,train,2026-04-01,SEP 2026,2026-09-18,0.4657534246575342,41.2,150.0,0.16379479629687005,0.02,../data/daily_clean/2026-04-01_options.csv
34.0,7.03,7.331042365355267,0.30104236535526674,0.09062650573869391,0.8252427184466019,train,2026-04-01,SEP 2026,2026-09-18,0.4657534246575342,41.2,150.0,0.16379479629687005,0.02,../data/daily_clean/2026-04-01_options.csv
46.0,0.62,0.4356021368710908,0.1843978631289092,0.034002571926507935,1.116504854368932,train,2026-04-01,SEP 2026,2026-09-18,0.4657534246575342,41.2,150.0,0.16379479629687005,0.02,../data/daily_clean/2026-04-01_options.csv
40.0,2.64,2.531157349662657,0.1088426503373432,0.011846722532457155,0.9708737864077669,train,2026-04-01,SEP 2026,2026-09-18,0.4657534246575342,41.2,150.0,0.16379479629687005,0.02,../data/daily_clean/2026-04-01_options.csv
38.0,3.88,3.8736149566529186,0.006385043347081343,4.0768778544107716e-05,0.9223300970873786,test,2026-04-01,SEP 2026,2026-09-18,0.4657534246575342,41.2,150.0,0.16379479629687005,0.02,../data/daily_clean/2026-04-01_options.csv
44.0,1.05,0.8490606035403304,0.20093939645966963,0.04037664104957629,1.0679611650485437,test,2026-04-01,SEP 2026,2026-09-18,0.4657534246575342,41.2,150.0,0.16379479629687005,0.02,../data/daily_clean/2026-04-01_options.csv
45.0,0.81,0.6141912128535584,0.19580878714644168,0.0383410811237605,1.0922330097087378,test,2026-04-01,SEP 2026,2026-09-18,0.4657534246575342,41.2,150.0,0.16379479629687005,0.02,../data/daily_clean/2026-04-01_options.csv
42.0,0.97,0.838637540757503,0.131362459242497,0.017256095698236686,1.00647016534867,train,2026-04-02,MAY 2026,2026-05-15,0.1178082191780822,41.73,141.0,0.16613029708235974,0.02,../data/daily_clean/2026-04-02_options.csv
37.0,4.45,4.76970884877967,0.31970884877967,0.1022137479880219,0.8866522885214475,train,2026-04-02,MAY 2026,2026-05-15,0.1178082191780822,41.73,141.0,0.16613029708235974,0.02,../data/daily_clean/2026-04-02_options.csv
46.0,0.14,0.0465086436717042,0.0934913563282958,0.008740633708104377,1.1023244668104482,train,2026-04-02,MAY 2026,2026-05-15,0.1178082191780822,41.73,141.0,0.16613029708235974,0.02,../data/daily_clean/2026-04-02_options.csv
47.0,0.08,0.017801166224054733,0.06219883377594527,0.00386869492308767,1.1262880421758927,train,2026-04-02,MAY 2026,2026-05-15,0.1178082191780822,41.73,141.0,0.16613029708235974,0.02,../data/daily_clean/2026-04-02_options.csv
39.0,2.77,2.8890832379831473,0.11908323798314724,0.014180817568550882,0.9345794392523366,train,2026-04-02,MAY 2026,2026-05-15,0.1178082191780822,41.73,141.0,0.16613029708235974,0.02,../data/daily_clean/2026-04-02_options.csv
38.0,3.57,3.8044927659608567,0.23449276596085689,0.0549868572879732,0.910615863886892,train,2026-04-02,MAY 2026,2026-05-15,0.1178082191780822,41.73,141.0,0.16613029708235974,0.02,../data/daily_clean/2026-04-02_options.csv
45.0,0.23,0.11059026111142248,0.11940973888857753,0.014258685741438265,1.0783608914450036,train,2026-04-02,MAY 2026,2026-05-15,0.1178082191780822,41.73,141.0,0.16613029708235974,0.02,../data/daily_clean/2026-04-02_options.csv
41.0,1.45,1.3708486386873833,0.07915136131261669,0.006264937997640394,0.9825065899832256,train,2026-04-02,MAY 2026,2026-05-15,0.1178082191780822,41.73,141.0,0.16613029708235974,0.02,../data/daily_clean/2026-04-02_options.csv
40.0,2.05,2.0637313422451076,0.013731342245107747,0.00018854975985228067,0.958543014617781,test,2026-04-02,MAY 2026,2026-05-15,0.1178082191780822,41.73,141.0,0.16613029708235974,0.02,../data/daily_clean/2026-04-02_options.csv
43.0,0.63,0.46916064339944746,0.16083935660055254,0.025869298631679704,1.0304337407141146,test,2026-04-02,MAY 2026,2026-05-15,0.1178082191780822,41.73,141.0,0.16613029708235974,0.02,../data/daily_clean/2026-04-02_options.csv
44.0,0.39,0.23895661770142865,0.15104338229857137,0.02281410333619238,1.0543973160795592,test,2026-04-02,MAY 2026,2026-05-15,0.1178082191780822,41.73,141.0,0.16613029708235974,0.02,../data/daily_clean/2026-04-02_options.csv
42.0,1.3,1.2265770661732434,0.07342293382675669,0.005390927211728291,1.00647016534867,train,2026-04-02,JUN 2026,2026-06-19,0.2136986301369863,41.73,141.0,0.17128092690945987,0.02,../data/daily_clean/2026-04-02_options.csv
37.0,4.68,4.874925389729372,0.1949253897293719,0.03799590756114753,0.8866522885214475,train,2026-04-02,JUN 2026,2026-06-19,0.2136986301369863,41.73,141.0,0.17128092690945987,0.02,../data/daily_clean/2026-04-02_options.csv
46.0,0.27,0.1919226245148221,0.07807737548517793,0.0060960765626534635,1.1023244668104482,train,2026-04-02,JUN 2026,2026-06-19,0.2136986301369863,41.73,141.0,0.17128092690945987,0.02,../data/daily_clean/2026-04-02_options.csv
47.0,0.17,0.10806249797542368,0.06193750202457633,0.0038362541570443973,1.1262880421758927,train,2026-04-02,JUN 2026,2026-06-19,0.2136986301369863,41.73,141.0,0.17128092690945987,0.02,../data/daily_clean/2026-04-02_options.csv
39.0,3.08,3.132941839547074,0.052941839547073766,0.002802838374628104,0.9345794392523366,train,2026-04-02,JUN 2026,2026-06-19,0.2136986301369863,41.73,141.0,0.17128092690945987,0.02,../data/daily_clean/2026-04-02_options.csv
38.0,3.85,3.970566133129101,0.1205661331291008,0.014536192457704059,0.910615863886892,train,2026-04-02,JUN 2026,2026-06-19,0.2136986301369863,41.73,141.0,0.17128092690945987,0.02,../data/daily_clean/2026-04-02_options.csv
45.0,0.42,0.32626333499125076,0.09373666500874922,0.00878656236696247,1.0783608914450036,train,2026-04-02,JUN 2026,2026-06-19,0.2136986301369863,41.73,141.0,0.17128092690945987,0.02,../data/daily_clean/2026-04-02_options.csv
41.0,1.79,1.7465035711117693,0.04349642888823069,0.001891939326028909,0.9825065899832256,train,2026-04-02,JUN 2026,2026-06-19,0.2136986301369863,41.73,141.0,0.17128092690945987,0.02,../data/daily_clean/2026-04-02_options.csv
40.0,2.38,2.385311472816346,0.005311472816345919,2.821174347878165e-05,0.958543014617781,test,2026-04-02,JUN 2026,2026-06-19,0.2136986301369863,41.73,141.0,0.17128092690945987,0.02,../data/daily_clean/2026-04-02_options.csv
43.0,0.91,0.8247915938729394,0.0852084061270606,0.007260472474714098,1.0304337407141146,test,2026-04-02,JUN 2026,2026-06-19,0.2136986301369863,41.73,141.0,0.17128092690945987,0.02,../data/daily_clean/2026-04-02_options.csv
44.0,0.62,0.5304939034412128,0.08950609655878716,0.008011341321190931,1.0543973160795592,test,2026-04-02,JUN 2026,2026-06-19,0.2136986301369863,41.73,141.0,0.17128092690945987,0.02,../data/daily_clean/2026-04-02_options.csv
42.0,1.96,1.7771437245480768,0.18285627545192318,0.0334364174721496,1.00647016534867,train,2026-04-02,SEP 2026,2026-09-18,0.46301369863013697,41.73,150.0,0.1637137961701935,0.02,../data/daily_clean/2026-04-02_options.csv
32.0,9.32,9.781437031412196,0.4614370314121956,0.2129241339584996,0.7668344116942248,train,2026-04-02,SEP 2026,2026-09-18,0.46301369863013697,41.73,150.0,0.1637137961701935,0.02,../data/daily_clean/2026-04-02_options.csv
48.0,0.42,0.2617074486935339,0.15829255130646608,0.025056531799110195,1.1502516175413373,train,2026-04-02,SEP 2026,2026-09-18,0.46301369863013697,41.73,150.0,0.1637137961701935,0.02,../data/daily_clean/2026-04-02_options.csv
50.0,0.24,0.11892664812213975,0.12107335187786024,0.014658756534940164,1.1981787682722262,train,2026-04-02,SEP 2026,2026-09-18,0.46301369863013697,41.73,150.0,0.1637137961701935,0.02,../data/daily_clean/2026-04-02_options.csv
36.0,5.79,5.981194506447439,0.19119450644743896,0.03655533929567978,0.8626887131560029,train,2026-04-02,SEP 2026,2026-09-18,0.46301369863013697,41.73,150.0,0.1637137961701935,0.02,../data/daily_clean/2026-04-02_options.csv
34.0,7.52,7.839369774978172,0.3193697749781723,0.10199705316960841,0.8147615624251139,train,2026-04-02,SEP 2026,2026-09-18,0.46301369863013697,41.73,150.0,0.1637137961701935,0.02,../data/daily_clean/2026-04-02_options.csv
46.0,0.73,0.535659800431215,0.194340199568785,0.03776811316843519,1.1023244668104482,train,2026-04-02,SEP 2026,2026-09-18,0.46301369863013697,41.73,150.0,0.1637137961701935,0.02,../data/daily_clean/2026-04-02_options.csv
40.0,2.98,2.8711563146027355,0.10884368539726452,0.011846947850858694,0.958543014617781,train,2026-04-02,SEP 2026,2026-09-18,0.46301369863013697,41.73,150.0,0.1637137961701935,0.02,../data/daily_clean/2026-04-02_options.csv
38.0,4.28,4.2934522263682435,0.01345222636824328,0.00018096239426245982,0.910615863886892,test,2026-04-02,SEP 2026,2026-09-18,0.46301369863013697,41.73,150.0,0.1637137961701935,0.02,../data/daily_clean/2026-04-02_options.csv
44.0,1.22,1.0153156473540899,0.20468435264591012,0.04189568421807529,1.0543973160795592,test,2026-04-02,SEP 2026,2026-09-18,0.46301369863013697,41.73,150.0,0.1637137961701935,0.02,../data/daily_clean/2026-04-02_options.csv
45.0,0.95,0.7447520563116325,0.2052479436883674,0.04212671838830324,1.0783608914450036,test,2026-04-02,SEP 2026,2026-09-18,0.46301369863013697,41.73,150.0,0.1637137961701935,0.02,../data/daily_clean/2026-04-02_options.csv
41.0,1.38,1.4044444711746449,0.02444447117464499,0.0005975321710080497,0.9934577174703173,train,2026-04-13,MAY 2026,2026-05-15,0.08767123287671233,41.27,138.0,0.244295813632294,0.02,../data/daily_clean/2026-04-13_options.csv
36.0,5.43,5.432420954174094,0.0024209541740942697,5.861019113064467e-06,0.8723043372910103,train,2026-04-13,MAY 2026,2026-05-15,0.08767123287671233,41.27,138.0,0.244295813632294,0.02,../data/daily_clean/2026-04-13_options.csv
45.0,0.17,0.1943293986264702,0.024329398626470183,0.0005919196375256892,1.090380421613763,train,2026-04-13,MAY 2026,2026-05-15,0.08767123287671233,41.27,138.0,0.244295813632294,0.02,../data/daily_clean/2026-04-13_options.csv
46.0,0.09,0.10306538373632067,0.013065383736320671,0.0001707042521773127,1.1146110976496244,train,2026-04-13,MAY 2026,2026-05-15,0.08767123287671233,41.27,138.0,0.244295813632294,0.02,../data/daily_clean/2026-04-13_options.csv
38.0,3.62,3.572053977204485,0.0479460227955153,0.0022988211019080726,0.9207656893627332,train,2026-04-13,MAY 2026,2026-05-15,0.08767123287671233,41.27,138.0,0.244295813632294,0.02,../data/daily_clean/2026-04-13_options.csv
37.0,4.52,4.478632492251702,0.04136750774829778,0.001711270697305477,0.8965350133268718,train,2026-04-13,MAY 2026,2026-05-15,0.08767123287671233,41.27,138.0,0.244295813632294,0.02,../data/daily_clean/2026-04-13_options.csv
44.0,0.31,0.34653413017791873,0.03653413017791873,0.0013347426678571124,1.0661497455779017,train,2026-04-13,MAY 2026,2026-05-15,0.08767123287671233,41.27,138.0,0.244295813632294,0.02,../data/daily_clean/2026-04-13_options.csv
40.0,2.02,2.0103837407245995,0.009616259275400552,9.247244245172714e-05,0.9692270414344559,train,2026-04-13,MAY 2026,2026-05-15,0.08767123287671233,41.27,138.0,0.244295813632294,0.02,../data/daily_clean/2026-04-13_options.csv
39.0,2.78,2.7400078542796007,0.03999214572039911,0.0015993717193216368,0.9449963653985946,test,2026-04-13,MAY 2026,2026-05-15,0.08767123287671233,41.27,138.0,0.244295813632294,0.02,../data/daily_clean/2026-04-13_options.csv
42.0,0.88,0.9309232631870532,0.0509232631870532,0.002593178733617888,1.0176883935061787,test,2026-04-13,MAY 2026,2026-05-15,0.08767123287671233,41.27,138.0,0.244295813632294,0.02,../data/daily_clean/2026-04-13_options.csv
43.0,0.53,0.5841202543305951,0.054120254330595086,0.002929001928808296,1.0419190695420402,test,2026-04-13,MAY 2026,2026-05-15,0.08767123287671233,41.27,138.0,0.244295813632294,0.02,../data/daily_clean/2026-04-13_options.csv
42.0,1.9,1.8805043623559714,0.019495637644028507,0.00038007988714726143,1.0176883935061787,train,2026-04-13,SEP 2026,2026-09-18,0.4328767123287671,41.27,150.0,0.1919894055310567,0.02,../data/daily_clean/2026-04-13_options.csv
32.0,9.41,9.521811678949598,0.1118116789495982,0.012501851549528022,0.7753816331475648,train,2026-04-13,SEP 2026,2026-09-18,0.4328767123287671,41.27,150.0,0.1919894055310567,0.02,../data/daily_clean/2026-04-13_options.csv
48.0,0.37,0.3554686961745028,0.014531303825497222,0.00021115879086891018,1.1630724497213472,train,2026-04-13,SEP 2026,2026-09-18,0.4328767123287671,41.27,150.0,0.1919894055310567,0.02,../data/daily_clean/2026-04-13_options.csv
50.0,0.21,0.18266316729093796,0.027336832709062037,0.0007473024225632441,1.21153380179307,train,2026-04-13,SEP 2026,2026-09-18,0.4328767123287671,41.27,150.0,0.1919894055310567,0.02,../data/daily_clean/2026-04-13_options.csv
36.0,5.84,5.8312545841445065,0.008745415855493377,7.648229848551495e-05,0.8723043372910103,train,2026-04-13,SEP 2026,2026-09-18,0.4328767123287671,41.27,150.0,0.1919894055310567,0.02,../data/daily_clean/2026-04-13_options.csv
34.0,7.56,7.618564031533171,0.058564031533171246,0.003429745789418276,0.8238429852192876,train,2026-04-13,SEP 2026,2026-09-18,0.4328767123287671,41.27,150.0,0.1919894055310567,0.02,../data/daily_clean/2026-04-13_options.csv
46.0,0.66,0.656019284271547,0.003980715728453044,1.5846097710753446e-05,1.1146110976496244,train,2026-04-13,SEP 2026,2026-09-18,0.4328767123287671,41.27,150.0,0.1919894055310567,0.02,../data/daily_clean/2026-04-13_options.csv
40.0,2.96,2.909135803392885,0.05086419660711483,0.002587166496487232,0.9692270414344559,train,2026-04-13,SEP 2026,2026-09-18,0.4328767123287671,41.27,150.0,0.1919894055310567,0.02,../data/daily_clean/2026-04-13_options.csv
38.0,4.29,4.238109096390481,0.05189090360951898,0.0026926658774123896,0.9207656893627332,test,2026-04-13,SEP 2026,2026-09-18,0.4328767123287671,41.27,150.0,0.1919894055310567,0.02,../data/daily_clean/2026-04-13_options.csv
44.0,1.16,1.144099111844958,0.01590088815504198,0.0002528382441191544,1.0661497455779017,test,2026-04-13,SEP 2026,2026-09-18,0.4328767123287671,41.27,150.0,0.1919894055310567,0.02,../data/daily_clean/2026-04-13_options.csv
45.0,0.88,0.8726600066734186,0.007339993326581418,5.387550203425975e-05,1.090380421613763,test,2026-04-13,SEP 2026,2026-09-18,0.4328767123287671,41.27,150.0,0.1919894055310567,0.02,../data/daily_clean/2026-04-13_options.csv
41.0,1.27,1.284110215232569,0.014110215232568946,0.0001990981739094207,0.994421537715256,train,2026-04-25,MAY 2026,2026-05-15,0.0547945205479452,41.23,138.0,0.2840667742259585,0.02,../data/daily_clean/2026-04-25_options.csv
36.0,5.39,5.378590300652532,0.011409699347467495,0.00013018123919960017,0.8731506184816882,train,2026-04-25,MAY 2026,2026-05-15,0.0547945205479452,41.23,138.0,0.2840667742259585,0.02,../data/daily_clean/2026-04-25_options.csv
45.0,0.12,0.1403060711596023,0.020306071159602312,0.0004123365259388328,1.0914382731021102,train,2026-04-25,MAY 2026,2026-05-15,0.0547945205479452,41.23,138.0,0.2840667742259585,0.02,../data/daily_clean/2026-04-25_options.csv
46.0,0.06,0.06804822684419824,0.008048226844198245,6.477395533567324e-05,1.1156924569488238,train,2026-04-25,MAY 2026,2026-05-15,0.0547945205479452,41.23,138.0,0.2840667742259585,0.02,../data/daily_clean/2026-04-25_options.csv
38.0,3.52,3.4895711338320123,0.030428866167987678,0.0009259158962693051,0.9216589861751153,train,2026-04-25,MAY 2026,2026-05-15,0.0547945205479452,41.23,138.0,0.2840667742259585,0.02,../data/daily_clean/2026-04-25_options.csv
37.0,4.43,4.412776210002306,0.017223789997693473,0.00029665894188464574,0.8974048023284017,train,2026-04-25,MAY 2026,2026-05-15,0.0547945205479452,41.23,138.0,0.2840667742259585,0.02,../data/daily_clean/2026-04-25_options.csv
44.0,0.24,0.27028005198983823,0.03028005198983824,0.0009168815485073069,1.0671840892553965,train,2026-04-25,MAY 2026,2026-05-15,0.0547945205479452,41.23,138.0,0.2840667742259585,0.02,../data/daily_clean/2026-04-25_options.csv
40.0,1.91,1.895371138668623,0.014628861331376974,0.0002140035838526565,0.9701673538685424,train,2026-04-25,MAY 2026,2026-05-15,0.0547945205479452,41.23,138.0,0.2840667742259585,0.02,../data/daily_clean/2026-04-25_options.csv
39.0,2.67,2.6393630727215642,0.0306369272784357,0.0009386213130641574,0.9459131700218288,test,2026-04-25,MAY 2026,2026-05-15,0.0547945205479452,41.23,138.0,0.2840667742259585,0.02,../data/daily_clean/2026-04-25_options.csv
42.0,0.79,0.8167693981637848,0.026769398163784763,0.000716600678051243,1.0186757215619695,test,2026-04-25,MAY 2026,2026-05-15,0.0547945205479452,41.23,138.0,0.2840667742259585,0.02,../data/daily_clean/2026-04-25_options.csv
43.0,0.45,0.48613635089911184,0.036136350899111824,0.00130583585630374,1.0429299054086831,test,2026-04-25,MAY 2026,2026-05-15,0.0547945205479452,41.23,138.0,0.2840667742259585,0.02,../data/daily_clean/2026-04-25_options.csv
41.0,1.61,1.642251458459712,0.032251458459712,0.0010401565727785288,0.994421537715256,train,2026-04-25,JUN 2026,2026-06-19,0.1506849315068493,41.23,138.0,0.2239823329526947,0.02,../data/daily_clean/2026-04-25_options.csv
36.0,5.54,5.477158743901054,0.0628412560989462,0.003949023468093342,0.8731506184816882,train,2026-04-25,JUN 2026,2026-06-19,0.1506849315068493,41.23,138.0,0.2239823329526947,0.02,../data/daily_clean/2026-04-25_options.csv
45.0,0.28,0.3398733510119612,0.05987335101196117,0.003584818161401512,1.0914382731021102,train,2026-04-25,JUN 2026,2026-06-19,0.1506849315068493,41.23,138.0,0.2239823329526947,0.02,../data/daily_clean/2026-04-25_options.csv
46.0,0.17,0.209310117663341,0.039310117663341,0.001545285350705714,1.1156924569488238,train,2026-04-25,JUN 2026,2026-06-19,0.1506849315068493,41.23,138.0,0.2239823329526947,0.02,../data/daily_clean/2026-04-25_options.csv
38.0,3.76,3.699047678158661,0.06095232184133881,0.003715185537850148,0.9216589861751153,train,2026-04-25,JUN 2026,2026-06-19,0.1506849315068493,41.23,138.0,0.2239823329526947,0.02,../data/daily_clean/2026-04-25_options.csv
37.0,4.63,4.5599044332185255,0.07009556678147444,0.004913388482416143,0.8974048023284017,train,2026-04-25,JUN 2026,2026-06-19,0.1506849315068493,41.23,138.0,0.2239823329526947,0.02,../data/daily_clean/2026-04-25_options.csv
44.0,0.47,0.5323059023138232,0.06230590231382327,0.003882025463139688,1.0671840892553965,train,2026-04-25,JUN 2026,2026-06-19,0.1506849315068493,41.23,138.0,0.2239823329526947,0.02,../data/daily_clean/2026-04-25_options.csv
40.0,2.23,2.22521651786887,0.00478348213112989,2.2881701298838957e-05,0.9701673538685424,train,2026-04-25,JUN 2026,2026-06-19,0.1506849315068493,41.23,138.0,0.2239823329526947,0.02,../data/daily_clean/2026-04-25_options.csv
39.0,2.96,2.9148430330309187,0.045156966969081225,0.002039151665846693,0.9459131700218288,test,2026-04-25,JUN 2026,2026-06-19,0.1506849315068493,41.23,138.0,0.2239823329526947,0.02,../data/daily_clean/2026-04-25_options.csv
42.0,1.11,1.1699210192897558,0.059921019289755684,0.003590528552723273,1.0186757215619695,test,2026-04-25,JUN 2026,2026-06-19,0.1506849315068493,41.23,138.0,0.2239823329526947,0.02,../data/daily_clean/2026-04-25_options.csv
43.0,0.74,0.8037475262591298,0.06374752625912983,0.004063747104158447,1.0429299054086831,test,2026-04-25,JUN 2026,2026-06-19,0.1506849315068493,41.23,138.0,0.2239823329526947,0.02,../data/daily_clean/2026-04-25_options.csv
42.0,1.77,1.7397145886317311,0.0302854113682689,0.0009172061417452711,1.0186757215619695,train,2026-04-25,SEP 2026,2026-09-18,0.4,41.23,150.0,0.18968492833456563,0.02,../data/daily_clean/2026-04-25_options.csv
32.0,9.31,9.442186844036318,0.1321868440363172,0.017473361736281647,0.7761338830948339,train,2026-04-25,SEP 2026,2026-09-18,0.4,41.23,150.0,0.18968492833456563,0.02,../data/daily_clean/2026-04-25_options.csv
48.0,0.31,0.2893411481562199,0.02065885184378008,0.0004267881595032556,1.1642008246422508,train,2026-04-25,SEP 2026,2026-09-18,0.4,41.23,150.0,0.18968492833456563,0.02,../data/daily_clean/2026-04-25_options.csv
50.0,0.17,0.14030680153276567,0.02969319846723434,0.0008816860352145677,1.212709192335678,train,2026-04-25,SEP 2026,2026-09-18,0.4,41.23,150.0,0.18968492833456563,0.02,../data/daily_clean/2026-04-25_options.csv
36.0,5.7,5.716970360989848,0.0169703609898475,0.0002879931521257378,0.8731506184816882,train,2026-04-25,SEP 2026,2026-09-18,0.4,41.23,150.0,0.18968492833456563,0.02,../data/daily_clean/2026-04-25_options.csv
34.0,7.47,7.524677680546873,0.05467768054687294,0.0029896487499858878,0.824642250788261,train,2026-04-25,SEP 2026,2026-09-18,0.4,41.23,150.0,0.18968492833456563,0.02,../data/daily_clean/2026-04-25_options.csv
46.0,0.59,0.561700366112604,0.02829963388739598,0.0008008692781606509,1.1156924569488238,train,2026-04-25,SEP 2026,2026-09-18,0.4,41.23,150.0,0.18968492833456563,0.02,../data/daily_clean/2026-04-25_options.csv
40.0,2.81,2.7638012336353075,0.046198766364692556,0.002134326013619448,0.9701673538685424,train,2026-04-25,SEP 2026,2026-09-18,0.4,41.23,150.0,0.18968492833456563,0.02,../data/daily_clean/2026-04-25_options.csv
38.0,4.15,4.103614664889069,0.04638533511093179,0.0021515993133534414,0.9216589861751153,test,2026-04-25,SEP 2026,2026-09-18,0.4,41.23,150.0,0.18968492833456563,0.02,../data/daily_clean/2026-04-25_options.csv
44.0,1.04,1.0224050559959375,0.017594944004062585,0.0003095820545060979,1.0671840892553965,test,2026-04-25,SEP 2026,2026-09-18,0.4,41.23,150.0,0.18968492833456563,0.02,../data/daily_clean/2026-04-25_options.csv
45.0,0.79,0.7641081841437233,0.025891815856276756,0.0006703861283353444,1.0914382731021102,test,2026-04-25,SEP 2026,2026-09-18,0.4,41.23,150.0,0.18968492833456563,0.02,../data/daily_clean/2026-04-25_options.csv
